<?xml version="1.0" encoding="UTF-8"?>
<extension type="plugin" group="sampledata" method="upgrade">
	<name>plg_sampledata_jed</name>
	<author>Joomla! Project</author>
	<creationDate>2023-05</creationDate>
	<copyright>(C) 2023 Open Source Matters, Inc.</copyright>
	<license>GNU General Public License version 2 or later; see LICENSE.txt</license>
	<authorEmail>admin@joomla.org</authorEmail>
	<authorUrl>www.joomla.org</authorUrl>
	<version>4.0.0</version>
	<description>PLG_SAMPLEDATA_JED_XML_DESCRIPTION</description>
	<files>
		<folder>language</folder>
		<folder>sql</folder>
		<filename plugin="jed">jed.php</filename>
	</files>
</extension>
