<?xml version="1.0" encoding="UTF-8" ?>
<extension type="package" version="3.6" method="upgrade">
	<name>pkg_jed</name>
	<packagename>jed</packagename>
	<creationDate>2024-07-27</creationDate>
	<packager>Joomla! Project</packager>
	<copyright>(C) 2022 Open Source Matters. All rights reserved.</copyright>
	<packageremail>admin@joomla.org</packageremail>
	<packagerurl>www.joomla.org</packagerurl>
	<author>Joomla! Project</author>
	<authorEmail>admin@joomla.org</authorEmail>
	<authorUrl>www.joomla.org</authorUrl>
	<version>1.0</version>
	<license>GNU General Public License version 2 or later; see LICENSE.txt</license>
	<description>JED 4 Installation Packages</description>
	<files>
		<file type="component" id="com_jed">com_jed.zip</file>
		<file type="plugin" id="jed_sampledata" group="sampledata">plg_sampledata_jed.zip</file>
		<file type="plugin" id="jed_finder" group="finder">plg_finder_jed.zip</file>
	</files>
</extension>
